{"cameraMode":{"drawMode":0,"name":"Shaded","section":"Shading Mode"},"sceneLighting":true,"audioPlay":false,"sceneViewState":{"m_AlwaysRefresh":false,"showFog":false,"showSkybox":false,"showFlares":false,"showImageEffects":true,"showParticleSystems":true,"showVisualEffectGraphs":true,"m_FxEnabled":true},"in2DMode":false,"pivot":{"x":0.3199999928474426,"y":1.2100000381469727,"z":-15.730001449584961},"rotation":{"x":0.029975149780511857,"y":0.03627166524529457,"z":-0.0010886264499276877,"w":0.9988893270492554},"size":7.301400184631348,"orthographic":true}